method,version,train_seed,generation_seed,cfg_scale,class_order,class_id,source_index,selection_rule,image_path,image_sha256,summary_path,summary_sha256
Fixed-Kernel Drifting,baseline,123,0,3.5,0,22,0,first generated sample for each class in fixed 16-class order,paper/pr_submission/data/cluster_snapshot_2026-07-28/raw/runs/paper_qualitative_baseline_seed123/sample_0000_class_022.png,7e60ca259d8c6e3f1e7b0aa1e5fd10053ee069703d5e6ddad3b17bef57123a6c,paper/pr_submission/data/cluster_snapshot_2026-07-28/raw/runs/paper_qualitative_baseline_seed123/summary.json,e8b28597c159707a036bff299f5511462fbe9aa48b4382eb6ebbe0a7459e0f62
Fixed-Kernel Drifting,baseline,123,0,3.5,1,88,4,first generated sample for each class in fixed 16-class order,paper/pr_submission/data/cluster_snapshot_2026-07-28/raw/runs/paper_qualitative_baseline_seed123/sample_0004_class_088.png,ac3c71cd3fccd49c5860f01e35b0db27b8c3238cc92c932b26095282628d80c5,paper/pr_submission/data/cluster_snapshot_2026-07-28/raw/runs/paper_qualitative_baseline_seed123/summary.json,e8b28597c159707a036bff299f5511462fbe9aa48b4382eb6ebbe0a7459e0f62
Fixed-Kernel Drifting,baseline,123,0,3.5,2,95,8,first generated sample for each class in fixed 16-class order,paper/pr_submission/data/cluster_snapshot_2026-07-28/raw/runs/paper_qualitative_baseline_seed123/sample_0008_class_095.png,bc4196eeba0e360ca647c503f692f3065c62b6d2fea5520190bdee06dcf6ef0c,paper/pr_submission/data/cluster_snapshot_2026-07-28/raw/runs/paper_qualitative_baseline_seed123/summary.json,e8b28597c159707a036bff299f5511462fbe9aa48b4382eb6ebbe0a7459e0f62
Fixed-Kernel Drifting,baseline,123,0,3.5,3,108,12,first generated sample for each class in fixed 16-class order,paper/pr_submission/data/cluster_snapshot_2026-07-28/raw/runs/paper_qualitative_baseline_seed123/sample_0012_class_108.png,4587cd943b4eb6546197a541de9fe11a5be33edbd27255f4d6b893514e71211e,paper/pr_submission/data/cluster_snapshot_2026-07-28/raw/runs/paper_qualitative_baseline_seed123/summary.json,e8b28597c159707a036bff299f5511462fbe9aa48b4382eb6ebbe0a7459e0f62
Fixed-Kernel Drifting,baseline,123,0,3.5,4,207,16,first generated sample for each class in fixed 16-class order,paper/pr_submission/data/cluster_snapshot_2026-07-28/raw/runs/paper_qualitative_baseline_seed123/sample_0016_class_207.png,e7bf7a554949e90534ef2460ae2199ed85b01512b217a4e15b4a61ec622c5f5d,paper/pr_submission/data/cluster_snapshot_2026-07-28/raw/runs/paper_qualitative_baseline_seed123/summary.json,e8b28597c159707a036bff299f5511462fbe9aa48b4382eb6ebbe0a7459e0f62
Fixed-Kernel Drifting,baseline,123,0,3.5,5,283,20,first generated sample for each class in fixed 16-class order,paper/pr_submission/data/cluster_snapshot_2026-07-28/raw/runs/paper_qualitative_baseline_seed123/sample_0020_class_283.png,9431b26734a0d2ab535f41c802196bec1ab187b74294dda1152059e2b79f4917,paper/pr_submission/data/cluster_snapshot_2026-07-28/raw/runs/paper_qualitative_baseline_seed123/summary.json,e8b28597c159707a036bff299f5511462fbe9aa48b4382eb6ebbe0a7459e0f62
Fixed-Kernel Drifting,baseline,123,0,3.5,6,296,24,first generated sample for each class in fixed 16-class order,paper/pr_submission/data/cluster_snapshot_2026-07-28/raw/runs/paper_qualitative_baseline_seed123/sample_0024_class_296.png,25a6cb5440f628c392623f8b1b5d9bb327eeaf67f93748ca5e02aed71d6ca8c9,paper/pr_submission/data/cluster_snapshot_2026-07-28/raw/runs/paper_qualitative_baseline_seed123/summary.json,e8b28597c159707a036bff299f5511462fbe9aa48b4382eb6ebbe0a7459e0f62
Fixed-Kernel Drifting,baseline,123,0,3.5,7,386,28,first generated sample for each class in fixed 16-class order,paper/pr_submission/data/cluster_snapshot_2026-07-28/raw/runs/paper_qualitative_baseline_seed123/sample_0028_class_386.png,b593238ddd24fc85a179e42d48ee9914d83dc1bca4ab7f63cf19d28ea06537c9,paper/pr_submission/data/cluster_snapshot_2026-07-28/raw/runs/paper_qualitative_baseline_seed123/summary.json,e8b28597c159707a036bff299f5511462fbe9aa48b4382eb6ebbe0a7459e0f62
Fixed-Kernel Drifting,baseline,123,0,3.5,8,483,32,first generated sample for each class in fixed 16-class order,paper/pr_submission/data/cluster_snapshot_2026-07-28/raw/runs/paper_qualitative_baseline_seed123/sample_0032_class_483.png,3755785eee3da22238df43a4c05fff384ebb39ae0c0b1a02b1f9162e1a354229,paper/pr_submission/data/cluster_snapshot_2026-07-28/raw/runs/paper_qualitative_baseline_seed123/summary.json,e8b28597c159707a036bff299f5511462fbe9aa48b4382eb6ebbe0a7459e0f62
Fixed-Kernel Drifting,baseline,123,0,3.5,9,562,36,first generated sample for each class in fixed 16-class order,paper/pr_submission/data/cluster_snapshot_2026-07-28/raw/runs/paper_qualitative_baseline_seed123/sample_0036_class_562.png,11d4f0f63fa470c7316f1b397e38161b7abf6ae40fa88c3bdd8e873020cda320,paper/pr_submission/data/cluster_snapshot_2026-07-28/raw/runs/paper_qualitative_baseline_seed123/summary.json,e8b28597c159707a036bff299f5511462fbe9aa48b4382eb6ebbe0a7459e0f62
Fixed-Kernel Drifting,baseline,123,0,3.5,10,604,40,first generated sample for each class in fixed 16-class order,paper/pr_submission/data/cluster_snapshot_2026-07-28/raw/runs/paper_qualitative_baseline_seed123/sample_0040_class_604.png,16fd4dfc40c3f826edf6e86b3a4ade86e757394f10ce6525588080578285a152,paper/pr_submission/data/cluster_snapshot_2026-07-28/raw/runs/paper_qualitative_baseline_seed123/summary.json,e8b28597c159707a036bff299f5511462fbe9aa48b4382eb6ebbe0a7459e0f62
Fixed-Kernel Drifting,baseline,123,0,3.5,11,698,44,first generated sample for each class in fixed 16-class order,paper/pr_submission/data/cluster_snapshot_2026-07-28/raw/runs/paper_qualitative_baseline_seed123/sample_0044_class_698.png,5902751607aab6a646036fd46bd6d8370e833bef8fe65d0b541742ad9445a761,paper/pr_submission/data/cluster_snapshot_2026-07-28/raw/runs/paper_qualitative_baseline_seed123/summary.json,e8b28597c159707a036bff299f5511462fbe9aa48b4382eb6ebbe0a7459e0f62
Fixed-Kernel Drifting,baseline,123,0,3.5,12,717,48,first generated sample for each class in fixed 16-class order,paper/pr_submission/data/cluster_snapshot_2026-07-28/raw/runs/paper_qualitative_baseline_seed123/sample_0048_class_717.png,205dab189d52afcd0b135b555b0f7f1e2039e2575de06c41f228b3816d136b26,paper/pr_submission/data/cluster_snapshot_2026-07-28/raw/runs/paper_qualitative_baseline_seed123/summary.json,e8b28597c159707a036bff299f5511462fbe9aa48b4382eb6ebbe0a7459e0f62
Fixed-Kernel Drifting,baseline,123,0,3.5,13,805,52,first generated sample for each class in fixed 16-class order,paper/pr_submission/data/cluster_snapshot_2026-07-28/raw/runs/paper_qualitative_baseline_seed123/sample_0052_class_805.png,f9f44e59c2b1a7480b1098d088223c81ffcb457f45d9ce1f3cbc51891136c875,paper/pr_submission/data/cluster_snapshot_2026-07-28/raw/runs/paper_qualitative_baseline_seed123/summary.json,e8b28597c159707a036bff299f5511462fbe9aa48b4382eb6ebbe0a7459e0f62
Fixed-Kernel Drifting,baseline,123,0,3.5,14,908,56,first generated sample for each class in fixed 16-class order,paper/pr_submission/data/cluster_snapshot_2026-07-28/raw/runs/paper_qualitative_baseline_seed123/sample_0056_class_908.png,9536bb6d5e11833391cff937b6340a6f8ac1c19f8ee162272c4b56f886a7fc76,paper/pr_submission/data/cluster_snapshot_2026-07-28/raw/runs/paper_qualitative_baseline_seed123/summary.json,e8b28597c159707a036bff299f5511462fbe9aa48b4382eb6ebbe0a7459e0f62
Fixed-Kernel Drifting,baseline,123,0,3.5,15,985,60,first generated sample for each class in fixed 16-class order,paper/pr_submission/data/cluster_snapshot_2026-07-28/raw/runs/paper_qualitative_baseline_seed123/sample_0060_class_985.png,333701584e3acfb5a84d3b8fe2592d6d0d28e1ba63f26236bef087896f83e15e,paper/pr_submission/data/cluster_snapshot_2026-07-28/raw/runs/paper_qualitative_baseline_seed123/summary.json,e8b28597c159707a036bff299f5511462fbe9aa48b4382eb6ebbe0a7459e0f62
DCKD-Global-MS,v4.3,123,0,2.5,0,22,0,first generated sample for each class in fixed 16-class order,paper/pr_submission/data/cluster_snapshot_2026-07-28/raw/runs/paper_qualitative_v43_seed123/sample_0000_class_022.png,b62495b6907ba56e00157194715aaf921386423a29cb189de8542156ad7e7d1d,paper/pr_submission/data/cluster_snapshot_2026-07-28/raw/runs/paper_qualitative_v43_seed123/summary.json,854225f1d9b8170402af23475e8e7bbc4a5d5cec1bb8eed2a503aaa17b87e7ac
DCKD-Global-MS,v4.3,123,0,2.5,1,88,4,first generated sample for each class in fixed 16-class order,paper/pr_submission/data/cluster_snapshot_2026-07-28/raw/runs/paper_qualitative_v43_seed123/sample_0004_class_088.png,88bcb3b8280c924642f10ef5a0d0270543629000ccbeafb52b3d0456b2347484,paper/pr_submission/data/cluster_snapshot_2026-07-28/raw/runs/paper_qualitative_v43_seed123/summary.json,854225f1d9b8170402af23475e8e7bbc4a5d5cec1bb8eed2a503aaa17b87e7ac
DCKD-Global-MS,v4.3,123,0,2.5,2,95,8,first generated sample for each class in fixed 16-class order,paper/pr_submission/data/cluster_snapshot_2026-07-28/raw/runs/paper_qualitative_v43_seed123/sample_0008_class_095.png,0fad19fcf1e37811e0a5cfe33f9c03088bc4e390b3c1fb3f7bdf28e278acdf8a,paper/pr_submission/data/cluster_snapshot_2026-07-28/raw/runs/paper_qualitative_v43_seed123/summary.json,854225f1d9b8170402af23475e8e7bbc4a5d5cec1bb8eed2a503aaa17b87e7ac
DCKD-Global-MS,v4.3,123,0,2.5,3,108,12,first generated sample for each class in fixed 16-class order,paper/pr_submission/data/cluster_snapshot_2026-07-28/raw/runs/paper_qualitative_v43_seed123/sample_0012_class_108.png,ec5384a4d58414b9daade4345b7d4b2b8e4e7dce482a9375cd128ae6d739be5e,paper/pr_submission/data/cluster_snapshot_2026-07-28/raw/runs/paper_qualitative_v43_seed123/summary.json,854225f1d9b8170402af23475e8e7bbc4a5d5cec1bb8eed2a503aaa17b87e7ac
DCKD-Global-MS,v4.3,123,0,2.5,4,207,16,first generated sample for each class in fixed 16-class order,paper/pr_submission/data/cluster_snapshot_2026-07-28/raw/runs/paper_qualitative_v43_seed123/sample_0016_class_207.png,bd69db42de2823de4e406e1c0d34f10a9f36803d25edd66fd7f6a7a7e20668a0,paper/pr_submission/data/cluster_snapshot_2026-07-28/raw/runs/paper_qualitative_v43_seed123/summary.json,854225f1d9b8170402af23475e8e7bbc4a5d5cec1bb8eed2a503aaa17b87e7ac
DCKD-Global-MS,v4.3,123,0,2.5,5,283,20,first generated sample for each class in fixed 16-class order,paper/pr_submission/data/cluster_snapshot_2026-07-28/raw/runs/paper_qualitative_v43_seed123/sample_0020_class_283.png,120d3e12c6105635ccc32a05befb99b401db5d3597afd570c191fa8686be50b9,paper/pr_submission/data/cluster_snapshot_2026-07-28/raw/runs/paper_qualitative_v43_seed123/summary.json,854225f1d9b8170402af23475e8e7bbc4a5d5cec1bb8eed2a503aaa17b87e7ac
DCKD-Global-MS,v4.3,123,0,2.5,6,296,24,first generated sample for each class in fixed 16-class order,paper/pr_submission/data/cluster_snapshot_2026-07-28/raw/runs/paper_qualitative_v43_seed123/sample_0024_class_296.png,96739a50b7233237a4fc35c31ddfb130d3d41898357e822cc9847c32b9c5d2fe,paper/pr_submission/data/cluster_snapshot_2026-07-28/raw/runs/paper_qualitative_v43_seed123/summary.json,854225f1d9b8170402af23475e8e7bbc4a5d5cec1bb8eed2a503aaa17b87e7ac
DCKD-Global-MS,v4.3,123,0,2.5,7,386,28,first generated sample for each class in fixed 16-class order,paper/pr_submission/data/cluster_snapshot_2026-07-28/raw/runs/paper_qualitative_v43_seed123/sample_0028_class_386.png,dfe6981dcfae47d9d9a02609c9985903c9b9e85ad303425b1c380bee211ee4b4,paper/pr_submission/data/cluster_snapshot_2026-07-28/raw/runs/paper_qualitative_v43_seed123/summary.json,854225f1d9b8170402af23475e8e7bbc4a5d5cec1bb8eed2a503aaa17b87e7ac
DCKD-Global-MS,v4.3,123,0,2.5,8,483,32,first generated sample for each class in fixed 16-class order,paper/pr_submission/data/cluster_snapshot_2026-07-28/raw/runs/paper_qualitative_v43_seed123/sample_0032_class_483.png,a795397f58c10caa56c190d9f37fc0b06cc855209f61268407837c5d573b4fb9,paper/pr_submission/data/cluster_snapshot_2026-07-28/raw/runs/paper_qualitative_v43_seed123/summary.json,854225f1d9b8170402af23475e8e7bbc4a5d5cec1bb8eed2a503aaa17b87e7ac
DCKD-Global-MS,v4.3,123,0,2.5,9,562,36,first generated sample for each class in fixed 16-class order,paper/pr_submission/data/cluster_snapshot_2026-07-28/raw/runs/paper_qualitative_v43_seed123/sample_0036_class_562.png,a6d1436709cbbbebce3a3c34601372b9b13ac9379be6edd0c001c474954b9adb,paper/pr_submission/data/cluster_snapshot_2026-07-28/raw/runs/paper_qualitative_v43_seed123/summary.json,854225f1d9b8170402af23475e8e7bbc4a5d5cec1bb8eed2a503aaa17b87e7ac
DCKD-Global-MS,v4.3,123,0,2.5,10,604,40,first generated sample for each class in fixed 16-class order,paper/pr_submission/data/cluster_snapshot_2026-07-28/raw/runs/paper_qualitative_v43_seed123/sample_0040_class_604.png,303440be6b2291bef801e04756c57632940afa3084d3a62d0fad01ca100ea3f0,paper/pr_submission/data/cluster_snapshot_2026-07-28/raw/runs/paper_qualitative_v43_seed123/summary.json,854225f1d9b8170402af23475e8e7bbc4a5d5cec1bb8eed2a503aaa17b87e7ac
DCKD-Global-MS,v4.3,123,0,2.5,11,698,44,first generated sample for each class in fixed 16-class order,paper/pr_submission/data/cluster_snapshot_2026-07-28/raw/runs/paper_qualitative_v43_seed123/sample_0044_class_698.png,3ad158a6edd9d8387e945ac1300211605bcced594783c051110824ac858750ff,paper/pr_submission/data/cluster_snapshot_2026-07-28/raw/runs/paper_qualitative_v43_seed123/summary.json,854225f1d9b8170402af23475e8e7bbc4a5d5cec1bb8eed2a503aaa17b87e7ac
DCKD-Global-MS,v4.3,123,0,2.5,12,717,48,first generated sample for each class in fixed 16-class order,paper/pr_submission/data/cluster_snapshot_2026-07-28/raw/runs/paper_qualitative_v43_seed123/sample_0048_class_717.png,63e63b2a37859dc9f84b1465a893b64b803838bf652a35351c12573ab9026834,paper/pr_submission/data/cluster_snapshot_2026-07-28/raw/runs/paper_qualitative_v43_seed123/summary.json,854225f1d9b8170402af23475e8e7bbc4a5d5cec1bb8eed2a503aaa17b87e7ac
DCKD-Global-MS,v4.3,123,0,2.5,13,805,52,first generated sample for each class in fixed 16-class order,paper/pr_submission/data/cluster_snapshot_2026-07-28/raw/runs/paper_qualitative_v43_seed123/sample_0052_class_805.png,eb6c7451111ea8df8fe6015eddf140605f09accd0d3441f051f7eb6125418cb3,paper/pr_submission/data/cluster_snapshot_2026-07-28/raw/runs/paper_qualitative_v43_seed123/summary.json,854225f1d9b8170402af23475e8e7bbc4a5d5cec1bb8eed2a503aaa17b87e7ac
DCKD-Global-MS,v4.3,123,0,2.5,14,908,56,first generated sample for each class in fixed 16-class order,paper/pr_submission/data/cluster_snapshot_2026-07-28/raw/runs/paper_qualitative_v43_seed123/sample_0056_class_908.png,d6261a33c16d5ba8836566278a300a2b56441f581426b6d7f1a58c9a8f01c73c,paper/pr_submission/data/cluster_snapshot_2026-07-28/raw/runs/paper_qualitative_v43_seed123/summary.json,854225f1d9b8170402af23475e8e7bbc4a5d5cec1bb8eed2a503aaa17b87e7ac
DCKD-Global-MS,v4.3,123,0,2.5,15,985,60,first generated sample for each class in fixed 16-class order,paper/pr_submission/data/cluster_snapshot_2026-07-28/raw/runs/paper_qualitative_v43_seed123/sample_0060_class_985.png,b42f5f843a1131d713ef4168d568c56ff0245141bba115203cc4bba40a92d194,paper/pr_submission/data/cluster_snapshot_2026-07-28/raw/runs/paper_qualitative_v43_seed123/summary.json,854225f1d9b8170402af23475e8e7bbc4a5d5cec1bb8eed2a503aaa17b87e7ac
DCKD-Smooth-R8,v5.1,123,0,2.0,0,22,0,first generated sample for each class in fixed 16-class order,paper/pr_submission/data/cluster_snapshot_2026-07-28/raw/runs/paper_qualitative_v51_seed123/sample_0000_class_022.png,23be4839e8a1118c43b7d50d5a1bf1e5c10aae5cfad9240a63a6db8e7546d28f,paper/pr_submission/data/cluster_snapshot_2026-07-28/raw/runs/paper_qualitative_v51_seed123/summary.json,cf5b8be979b508ef7aafccb62b0ea4c2203c525e51ce60e1ac29fdddc0170e4b
DCKD-Smooth-R8,v5.1,123,0,2.0,1,88,4,first generated sample for each class in fixed 16-class order,paper/pr_submission/data/cluster_snapshot_2026-07-28/raw/runs/paper_qualitative_v51_seed123/sample_0004_class_088.png,b2a0eba5e829e335a38ca98ae17e67c28d9f70be1c3beec996ae8a39becb066e,paper/pr_submission/data/cluster_snapshot_2026-07-28/raw/runs/paper_qualitative_v51_seed123/summary.json,cf5b8be979b508ef7aafccb62b0ea4c2203c525e51ce60e1ac29fdddc0170e4b
DCKD-Smooth-R8,v5.1,123,0,2.0,2,95,8,first generated sample for each class in fixed 16-class order,paper/pr_submission/data/cluster_snapshot_2026-07-28/raw/runs/paper_qualitative_v51_seed123/sample_0008_class_095.png,b3e877ed9dae740ed590537ff7371ea7ecda6517c9d6b8f964cda9c9f3239a95,paper/pr_submission/data/cluster_snapshot_2026-07-28/raw/runs/paper_qualitative_v51_seed123/summary.json,cf5b8be979b508ef7aafccb62b0ea4c2203c525e51ce60e1ac29fdddc0170e4b
DCKD-Smooth-R8,v5.1,123,0,2.0,3,108,12,first generated sample for each class in fixed 16-class order,paper/pr_submission/data/cluster_snapshot_2026-07-28/raw/runs/paper_qualitative_v51_seed123/sample_0012_class_108.png,c0b285c103f34e4616377e4f06ed61321653d6fe6a3f1505aba76dc0f7452024,paper/pr_submission/data/cluster_snapshot_2026-07-28/raw/runs/paper_qualitative_v51_seed123/summary.json,cf5b8be979b508ef7aafccb62b0ea4c2203c525e51ce60e1ac29fdddc0170e4b
DCKD-Smooth-R8,v5.1,123,0,2.0,4,207,16,first generated sample for each class in fixed 16-class order,paper/pr_submission/data/cluster_snapshot_2026-07-28/raw/runs/paper_qualitative_v51_seed123/sample_0016_class_207.png,51f6d6e59106001b4e8d9ed8ba9967008a1123f04b48bb3adf18c52cda589028,paper/pr_submission/data/cluster_snapshot_2026-07-28/raw/runs/paper_qualitative_v51_seed123/summary.json,cf5b8be979b508ef7aafccb62b0ea4c2203c525e51ce60e1ac29fdddc0170e4b
DCKD-Smooth-R8,v5.1,123,0,2.0,5,283,20,first generated sample for each class in fixed 16-class order,paper/pr_submission/data/cluster_snapshot_2026-07-28/raw/runs/paper_qualitative_v51_seed123/sample_0020_class_283.png,97c619b5ec06cdd79e6532b02541a46169470330aa0a257244477f9f38d44440,paper/pr_submission/data/cluster_snapshot_2026-07-28/raw/runs/paper_qualitative_v51_seed123/summary.json,cf5b8be979b508ef7aafccb62b0ea4c2203c525e51ce60e1ac29fdddc0170e4b
DCKD-Smooth-R8,v5.1,123,0,2.0,6,296,24,first generated sample for each class in fixed 16-class order,paper/pr_submission/data/cluster_snapshot_2026-07-28/raw/runs/paper_qualitative_v51_seed123/sample_0024_class_296.png,497729f2098057a1968f93f59e65887841884625301a68ce54a5841b5e21ff5d,paper/pr_submission/data/cluster_snapshot_2026-07-28/raw/runs/paper_qualitative_v51_seed123/summary.json,cf5b8be979b508ef7aafccb62b0ea4c2203c525e51ce60e1ac29fdddc0170e4b
DCKD-Smooth-R8,v5.1,123,0,2.0,7,386,28,first generated sample for each class in fixed 16-class order,paper/pr_submission/data/cluster_snapshot_2026-07-28/raw/runs/paper_qualitative_v51_seed123/sample_0028_class_386.png,72e0e3d924c48cd3c61efec30e4569764f21c7a63f1abb383a2d780da529dd13,paper/pr_submission/data/cluster_snapshot_2026-07-28/raw/runs/paper_qualitative_v51_seed123/summary.json,cf5b8be979b508ef7aafccb62b0ea4c2203c525e51ce60e1ac29fdddc0170e4b
DCKD-Smooth-R8,v5.1,123,0,2.0,8,483,32,first generated sample for each class in fixed 16-class order,paper/pr_submission/data/cluster_snapshot_2026-07-28/raw/runs/paper_qualitative_v51_seed123/sample_0032_class_483.png,d9b1c0735dcd7b18acf716861ec6133ac293bff31a10c95072fbeeb09971cb10,paper/pr_submission/data/cluster_snapshot_2026-07-28/raw/runs/paper_qualitative_v51_seed123/summary.json,cf5b8be979b508ef7aafccb62b0ea4c2203c525e51ce60e1ac29fdddc0170e4b
DCKD-Smooth-R8,v5.1,123,0,2.0,9,562,36,first generated sample for each class in fixed 16-class order,paper/pr_submission/data/cluster_snapshot_2026-07-28/raw/runs/paper_qualitative_v51_seed123/sample_0036_class_562.png,7dc0a437e622ad5f6dccdfc4374be76f781b0c2a4c338accdfb0dfce607f07b3,paper/pr_submission/data/cluster_snapshot_2026-07-28/raw/runs/paper_qualitative_v51_seed123/summary.json,cf5b8be979b508ef7aafccb62b0ea4c2203c525e51ce60e1ac29fdddc0170e4b
DCKD-Smooth-R8,v5.1,123,0,2.0,10,604,40,first generated sample for each class in fixed 16-class order,paper/pr_submission/data/cluster_snapshot_2026-07-28/raw/runs/paper_qualitative_v51_seed123/sample_0040_class_604.png,350f59627b8a7c7ec6b0f483c882e646cb8fa22ef467c01bd99112da750fc012,paper/pr_submission/data/cluster_snapshot_2026-07-28/raw/runs/paper_qualitative_v51_seed123/summary.json,cf5b8be979b508ef7aafccb62b0ea4c2203c525e51ce60e1ac29fdddc0170e4b
DCKD-Smooth-R8,v5.1,123,0,2.0,11,698,44,first generated sample for each class in fixed 16-class order,paper/pr_submission/data/cluster_snapshot_2026-07-28/raw/runs/paper_qualitative_v51_seed123/sample_0044_class_698.png,d9a0d494d349746161adbb9b79936c2760007d1f61e0294d7d2f41c2f196f5ab,paper/pr_submission/data/cluster_snapshot_2026-07-28/raw/runs/paper_qualitative_v51_seed123/summary.json,cf5b8be979b508ef7aafccb62b0ea4c2203c525e51ce60e1ac29fdddc0170e4b
DCKD-Smooth-R8,v5.1,123,0,2.0,12,717,48,first generated sample for each class in fixed 16-class order,paper/pr_submission/data/cluster_snapshot_2026-07-28/raw/runs/paper_qualitative_v51_seed123/sample_0048_class_717.png,75ce9694165772885a213548be7f6b3b7e33e4bdda369daeed6d5c78301aed81,paper/pr_submission/data/cluster_snapshot_2026-07-28/raw/runs/paper_qualitative_v51_seed123/summary.json,cf5b8be979b508ef7aafccb62b0ea4c2203c525e51ce60e1ac29fdddc0170e4b
DCKD-Smooth-R8,v5.1,123,0,2.0,13,805,52,first generated sample for each class in fixed 16-class order,paper/pr_submission/data/cluster_snapshot_2026-07-28/raw/runs/paper_qualitative_v51_seed123/sample_0052_class_805.png,9ec18a4c333e3cf79e3de91686e7eb996332b3b47745c644531a21cbb4f3b3ba,paper/pr_submission/data/cluster_snapshot_2026-07-28/raw/runs/paper_qualitative_v51_seed123/summary.json,cf5b8be979b508ef7aafccb62b0ea4c2203c525e51ce60e1ac29fdddc0170e4b
DCKD-Smooth-R8,v5.1,123,0,2.0,14,908,56,first generated sample for each class in fixed 16-class order,paper/pr_submission/data/cluster_snapshot_2026-07-28/raw/runs/paper_qualitative_v51_seed123/sample_0056_class_908.png,870d74117e99f2ed81df4ddc1dded8bfb1df007020bdc55c4023d4b5c7903ced,paper/pr_submission/data/cluster_snapshot_2026-07-28/raw/runs/paper_qualitative_v51_seed123/summary.json,cf5b8be979b508ef7aafccb62b0ea4c2203c525e51ce60e1ac29fdddc0170e4b
DCKD-Smooth-R8,v5.1,123,0,2.0,15,985,60,first generated sample for each class in fixed 16-class order,paper/pr_submission/data/cluster_snapshot_2026-07-28/raw/runs/paper_qualitative_v51_seed123/sample_0060_class_985.png,06f6955ec32190b0c647a35ad3050ac5e5b58326ae8f386e88c9c25ac1821b76,paper/pr_submission/data/cluster_snapshot_2026-07-28/raw/runs/paper_qualitative_v51_seed123/summary.json,cf5b8be979b508ef7aafccb62b0ea4c2203c525e51ce60e1ac29fdddc0170e4b
